{"cameraMode":{"drawMode":0,"name":"Shaded","section":"Shading Mode"},"sceneLighting":true,"audioPlay":false,"sceneViewState":{"m_AlwaysRefresh":false,"showFog":true,"showSkybox":true,"showFlares":true,"showImageEffects":true,"showParticleSystems":true,"showVisualEffectGraphs":true,"m_FxEnabled":true},"in2DMode":false,"pivot":{"x":22.821992874145509,"y":5.771545886993408,"z":-2.287600040435791},"rotation":{"x":0.17448186874389649,"y":-0.5596578121185303,"z":0.12192237377166748,"w":0.8009215593338013},"size":22.144742965698243,"orthographic":false}