{"cameraMode":{"drawMode":0,"name":"Shaded","section":"Shading Mode"},"sceneLighting":true,"audioPlay":false,"sceneViewState":{"m_AlwaysRefresh":false,"showFog":true,"showSkybox":true,"showFlares":true,"showImageEffects":true,"showParticleSystems":true,"showVisualEffectGraphs":true,"m_FxEnabled":true},"in2DMode":false,"pivot":{"x":-2.3239121437072756,"y":-0.5817985534667969,"z":1.0223588943481446},"rotation":{"x":-0.42121943831443789,"y":0.5590678453445435,"z":-0.39643868803977969,"w":-0.5940188765525818},"size":30.37647819519043,"orthographic":false}